{
  "val": {
    "accuracy": 0.8626653102746694,
    "f1": 0.8804251550044287,
    "kappa": 0.724144453891038,
    "auc": 0.9752192094968299
  },
  "test": {
    "accuracy": 0.8788659793814433,
    "f1": 0.8883610451306413,
    "kappa": 0.7565859836053266,
    "auc": 0.9540827977961638
  }
}