{
  "efficientnet_b3": 0.3415613235860293,
  "densenet121": 0.337046135371598,
  "resnet50": 0.3213925410423727
}