{
  "efficientnet_b3": {
    "accuracy": 0.8595360824742269,
    "f1": 0.8706998813760379,
    "kappa": 0.7176443882890386,
    "auc": 0.9440422159482096
  },
  "densenet121": {
    "accuracy": 0.8569587628865979,
    "f1": 0.872852233676976,
    "kappa": 0.7094079088306786,
    "auc": 0.9333216048014805
  },
  "resnet50": {
    "accuracy": 0.7854381443298969,
    "f1": 0.7807768268597761,
    "kappa": 0.580959546983294,
    "auc": 0.9176555567020948
  }
}